/products/electronics , 1732436545836 
/products/electronics , 1732436554169 
/products/men's%20clothing , 1732436558095 
/products/all , 1732448377909 
/product/2 , 1732448381542 
/products/men's%20clothing , 1732448383150 
/products/jewelery , 1732448384577 
/products/women's%20clothing , 1732448386773 
/products/all , 1732448387106 
/product/5 , 1732448388278 
/products/jewelery , 1732448389617 
/products/all , 1732448392344 
/product/2 , 1732448395383 
/products/men's%20clothing , 1732448396897 
